substitution,glyco_distance,Blosum64,glyco_impact,proteinStruct_impact
A=>C,9.051015413,0,low,negligable - frequent
A=>D,7.819038432,-2,low,deleterious - rare
A=>E,8.350681409,-1,low,deleterious - rare
A=>F,34.46156981,-2,high,deleterious - rare
A=>G,7.815168008,0,low,negligable - frequent
A=>H,8.457409178,-2,low,deleterious - rare
A=>I,8.016464495,-1,low,deleterious - rare
A=>K,12.06336085,-1,low,deleterious - rare
A=>L,10.87308749,-1,low,deleterious - rare
A=>M,7.816941218,-1,low,deleterious - rare
A=>P,8.044053518,-1,low,deleterious - rare
A=>Q,29.93926079,-1,medium,deleterious - rare
A=>R,8.932149685,-1,low,deleterious - rare
A=>S,11.12629148,1,low,negligable - frequent
A=>T,14.76629659,0,low,negligable - frequent
A=>V,25.95016027,0,medium,negligable - frequent
A=>W,8.746956671,-3,low,deleterious - rare
A=>Y,7.822208831,-2,low,deleterious - rare
C=>E,8.285170246,-4,low,deleterious - rare
C=>F,33.85133545,-2,high,deleterious - rare
C=>G,4.573623181,-3,low,deleterious - rare
C=>H,5.455817812,-3,low,deleterious - rare
C=>I,4.853588466,-1,low,deleterious - rare
C=>K,11.11575373,-3,low,deleterious - rare
C=>L,6.296136076,-1,low,deleterious - rare
C=>M,4.576652488,-1,low,deleterious - rare
C=>P,4.918278052,-3,low,deleterious - rare
C=>Q,29.26396854,-3,medium,deleterious - rare
C=>S,5.771138536,-1,low,deleterious - rare
C=>T,13.48050003,-1,low,deleterious - rare
C=>V,25.16449872,-1,medium,deleterious - rare
C=>W,6.057369809,-2,low,deleterious - rare
C=>Y,4.585643793,-2,low,deleterious - rare
D=>C,4.580233618,-3,low,deleterious - rare
D=>E,6.918130383,2,low,negligable - frequent
D=>F,33.5429485,-3,high,deleterious - rare
D=>G,0.327583577,-1,low,deleterious - rare
D=>H,2.997070236,-1,low,deleterious - rare
D=>I,1.665473806,-3,low,deleterious - rare
D=>K,10.12936765,-1,low,deleterious - rare
D=>L,4.340899848,-4,low,deleterious - rare
D=>M,0.402777854,-3,low,deleterious - rare
D=>P,1.940220864,-1,low,deleterious - rare
D=>Q,28.90358103,0,medium,negligable - frequent
D=>S,3.538717564,0,low,negligable - frequent
D=>T,12.68635342,-1,low,deleterious - rare
D=>V,24.74440745,-3,medium,deleterious - rare
D=>W,3.945492491,-4,low,deleterious - rare
D=>Y,0.494581641,-3,low,deleterious - rare
E=>F,34.25869028,-3,high,deleterious - rare
E=>G,6.913755636,-2,low,deleterious - rare
E=>H,7.444014508,0,low,negligable - frequent
E=>I,7.076615081,-3,low,deleterious - rare
E=>K,11.85189204,1,low,negligable - frequent
E=>L,9.415438253,-3,low,deleterious - rare
E=>M,6.915759973,-2,low,deleterious - rare
E=>P,7.243293657,-1,low,deleterious - rare
E=>S,8.799550898,0,low,negligable - frequent
E=>T,14.63671182,-1,low,deleterious - rare
E=>V,25.6640145,-2,medium,deleterious - rare
E=>W,8.047794543,-3,low,deleterious - rare
E=>Y,6.921713444,-2,low,deleterious - rare
F=>P,33.57963116,-4,high,deleterious - rare
F=>S,33.72620486,-2,high,deleterious - rare
F=>T,35.85914019,-2,high,deleterious - rare
F=>V,41.68216465,-1,high,deleterious - rare
F=>W,33.75299695,1,high,negligable - frequent
F=>Y,33.52662797,3,high,negligable - frequent
G=>F,33.54204649,-3,high,deleterious - rare
G=>H,2.986958152,-2,low,deleterious - rare
G=>I,1.647207334,-4,low,deleterious - rare
G=>K,10.13156118,-2,low,deleterious - rare
G=>L,4.33018481,-4,low,deleterious - rare
G=>M,0.318934163,-3,low,deleterious - rare
G=>P,1.924563847,-2,low,deleterious - rare
G=>S,3.531126024,0,low,negligable - frequent
G=>T,12.68396831,-2,low,deleterious - rare
G=>V,24.74687792,-3,medium,deleterious - rare
G=>W,3.937816654,-2,low,deleterious - rare
G=>Y,0.429068759,-3,low,deleterious - rare
H=>F,33.67368115,-1,high,deleterious - rare
H=>I,3.400178084,-3,low,deleterious - rare
H=>K,10.55918799,-1,low,deleterious - rare
H=>L,5.257872145,-3,low,deleterious - rare
H=>M,2.991594558,-2,low,deleterious - rare
H=>P,3.542861132,-2,low,deleterious - rare
H=>S,4.616267973,-1,low,deleterious - rare
H=>T,13.02808393,-2,low,deleterious - rare
H=>V,22.93488361,-3,medium,deleterious - rare
H=>W,4.935009524,-2,low,deleterious - rare
H=>Y,3.005331762,2,low,negligable - frequent
I=>F,33.60874551,0,high,negligable - frequent
I=>K,10.25371269,-3,low,deleterious - rare
I=>L,4.659172941,2,low,negligable - frequent
I=>M,1.592841172,1,low,negligable - frequent
I=>P,2.518578567,-3,low,deleterious - rare
I=>S,3.853750251,-2,low,deleterious - rare
I=>T,12.78758554,-1,low,deleterious - rare
I=>V,24.80014635,3,medium,negligable - frequent
I=>W,4.25977605,-3,low,deleterious - rare
I=>Y,1.81557484,-1,low,deleterious - rare
K=>F,35.03774272,-3,high,deleterious - rare
K=>M,10.13292904,-1,low,deleterious - rare
K=>P,9.454645313,-1,low,deleterious - rare
K=>S,11.08413384,0,low,negligable - frequent
K=>T,16.20792609,-1,low,deleterious - rare
K=>V,26.73728462,-2,medium,deleterious - rare
K=>W,10.86201326,-3,low,deleterious - rare
K=>Y,10.13699324,-2,low,deleterious - rare
L=>F,33.8199049,0,high,negligable - frequent
L=>K,11.36695617,-2,low,deleterious - rare
L=>M,4.33379966,2,low,negligable - frequent
L=>P,4.732452059,-3,low,deleterious - rare
L=>S,3.89283335,-2,low,deleterious - rare
L=>T,13.53272746,-1,low,deleterious - rare
L=>V,25.12232608,1,medium,negligable - frequent
L=>W,5.853855182,-2,low,deleterious - rare
L=>Y,4.348264078,-1,low,deleterious - rare
M=>F,33.54981344,0,high,negligable - frequent
M=>P,1.931751796,-2,low,deleterious - rare
M=>S,3.53408121,-1,low,deleterious - rare
M=>T,12.68506094,-1,low,deleterious - rare
M=>V,24.74743797,1,medium,negligable - frequent
M=>W,3.941334672,-1,low,deleterious - rare
M=>Y,0.581892602,-1,low,deleterious - rare
P=>S,4.011478156,-1,low,deleterious - rare
P=>T,12.82626204,-1,low,deleterious - rare
P=>V,24.82884115,-2,medium,deleterious - rare
P=>W,4.26831653,-4,low,deleterious - rare
P=>Y,1.952958269,-3,low,deleterious - rare
Q=>E,29.7167041,2,medium,negligable - frequent
Q=>F,44.27585537,-3,high,deleterious - rare
Q=>G,28.90253424,-2,medium,deleterious - rare
Q=>H,29.05519583,0,medium,negligable - frequent
Q=>I,28.94815672,-3,medium,deleterious - rare
Q=>K,30.62565946,1,high,negligable - frequent
Q=>L,29.22464347,-2,medium,deleterious - rare
Q=>M,28.90301376,0,medium,negligable - frequent
Q=>P,28.97453177,-1,medium,deleterious - rare
Q=>S,29.11605221,0,medium,negligable - frequent
Q=>T,31.5620902,-1,high,deleterious - rare
Q=>V,38.04592557,-2,high,deleterious - rare
Q=>W,29.15925386,-2,medium,deleterious - rare
Q=>Y,28.90443885,-1,medium,deleterious - rare
R=>C,6.151371067,-3,low,deleterious - rare
R=>D,4.166896687,-2,low,deleterious - rare
R=>E,8.049228659,0,low,negligable - frequent
R=>F,33.67922668,-3,high,deleterious - rare
R=>G,4.163415305,-2,low,deleterious - rare
R=>H,5.116829683,0,low,negligable - frequent
R=>I,4.449183633,-3,low,deleterious - rare
R=>K,10.94606345,2,low,negligable - frequent
R=>L,6.011799023,-2,low,deleterious - rare
R=>M,4.166742853,-1,low,deleterious - rare
R=>P,4.267340038,-2,low,deleterious - rare
R=>Q,29.20902896,1,medium,negligable - frequent
R=>S,5.451792182,-1,low,deleterious - rare
R=>T,13.4039452,-1,low,deleterious - rare
R=>V,25.1015529,-3,medium,deleterious - rare
R=>W,5.082869957,-3,low,deleterious - rare
R=>Y,4.176616693,-2,low,deleterious - rare
S=>T,13.22402598,1,low,negligable - frequent
S=>V,24.99591923,-2,medium,deleterious - rare
S=>W,5.281515976,-3,low,deleterious - rare
S=>Y,3.545717276,-2,low,deleterious - rare
T=>V,27.80678009,0,medium,negligable - frequent
T=>W,13.27919621,-2,low,deleterious - rare
T=>Y,12.68830769,-2,low,deleterious - rare
W=>V,24.92588548,-3,medium,deleterious - rare
W=>Y,3.951771755,2,low,negligable - frequent
Y=>V,24.74910235,-1,medium,deleterious - rare